city,state_name,lat,lng
Navajo Dam,New Mexico,36.7981,-107.7045
Gascon,New Mexico,35.8867,-105.4461
Taos Ski Valley,New Mexico,36.5908,-105.4374
Crownpoint,New Mexico,35.6880,-108.1494
Playas,New Mexico,31.9126,-108.5364
Tse Bonito,New Mexico,35.6525,-109.0361
Pleasant Hill,New Mexico,34.5204,-103.0738
Bayard,New Mexico,32.7584,-108.1337
Pueblo of Sandia Village,New Mexico,35.2536,-106.5706
Alameda,New Mexico,35.1867,-106.6181
Virden,New Mexico,32.6889,-109.0016
Hondo,New Mexico,33.3876,-105.2708
Timberon,New Mexico,32.6359,-105.6924
Moquino,New Mexico,35.1801,-107.3701
Encinal,New Mexico,35.1308,-107.4368
Seboyeta,New Mexico,35.2241,-107.4049
La Cueva,New Mexico,35.8695,-106.6485
Chimayo,New Mexico,35.9976,-105.9363
Jacona,New Mexico,35.8887,-106.0386
Tajique,New Mexico,34.7600,-106.3010
Sabinal,New Mexico,34.4937,-106.8075
Questa,New Mexico,36.7114,-105.5936
Organ,New Mexico,32.4251,-106.6024
White Signal,New Mexico,32.5724,-108.3512
El Vado,New Mexico,36.5939,-106.7286
Los Trujillos,New Mexico,34.6467,-106.7609
La Huerta,New Mexico,32.4490,-104.2231
Tome,New Mexico,34.7397,-106.7230
Moriarty,New Mexico,35.0064,-106.0482
Jemez Springs,New Mexico,35.7735,-106.6907
Ojo Amarillo,New Mexico,36.6942,-108.3704
Ca__on,New Mexico,35.6718,-106.7527
Correo,New Mexico,34.9550,-107.1848
Sombrillo,New Mexico,35.9802,-106.0353
Vadito,New Mexico,36.1929,-105.6754
Santa Ana Pueblo,New Mexico,35.3495,-106.5202
San Fidel,New Mexico,35.1025,-107.5975
Ojo Feliz,New Mexico,36.0578,-105.1183
McIntosh,New Mexico,34.8804,-106.0577
Alcalde,New Mexico,36.0854,-106.0575
Sunland Park,New Mexico,31.8187,-106.5932
Newcomb,New Mexico,36.2834,-108.7081
San Rafael,New Mexico,35.0878,-107.8895
San Mateo,New Mexico,35.3321,-107.6469
Raton,New Mexico,36.8849,-104.4396
Chamisal,New Mexico,36.1725,-105.7459
Mayhill,New Mexico,32.8962,-105.4960
Arroyo Seco,New Mexico,36.5215,-105.5860
Sherman,New Mexico,32.7467,-107.8864
Nambe,New Mexico,35.8984,-105.9667
Sedan,New Mexico,36.1445,-103.1305
Dahlia,New Mexico,35.1214,-105.2769
Fence Lake,New Mexico,34.6690,-108.6802
Cedar Hill,New Mexico,36.9296,-107.8871
La Cienega,New Mexico,35.5800,-106.1127
Isleta,New Mexico,34.9073,-106.6892
North San Ysidro,New Mexico,35.4746,-105.5661
Dalies,New Mexico,34.7720,-106.8606
Ca__ada de los Alamos,New Mexico,35.5926,-105.8597
Arenas Valley,New Mexico,32.7765,-108.2029
Mountainair,New Mexico,34.5198,-106.2429
Truchas,New Mexico,36.0338,-105.8095
Las Vegas,New Mexico,35.6011,-105.2206
Mesilla,New Mexico,32.2692,-106.8086
Lee Acres,New Mexico,36.7103,-108.0721
Carlsbad,New Mexico,32.4064,-104.2385
Dexter,New Mexico,33.1952,-104.3688
Rio En Medio,New Mexico,35.8221,-105.9010
Sandia Heights,New Mexico,35.1744,-106.4885
Animas,New Mexico,31.9449,-108.8065
Los Alamos,New Mexico,35.8926,-106.2861
Upper Fruitland,New Mexico,36.7205,-108.3230
Clovis,New Mexico,34.4375,-103.1924
Lemitar,New Mexico,34.1551,-106.9122
Cundiyo,New Mexico,35.9565,-105.8971
La Luz,New Mexico,32.9698,-105.9388
Columbus,New Mexico,31.8245,-107.6398
Placitas,New Mexico,35.3226,-106.4436
Mountain View,New Mexico,32.2289,-107.7462
Cebolla,New Mexico,36.5383,-106.4864
Taos Pueblo,New Mexico,36.4656,-105.5635
Fort Sumner,New Mexico,34.4790,-104.2331
Glencoe,New Mexico,33.4093,-105.4489
Fairacres,New Mexico,32.3047,-106.8366
Paraje,New Mexico,35.0444,-107.4681
Elida,New Mexico,33.9443,-103.6554
Radium Springs,New Mexico,32.4783,-106.9031
Monterey Park,New Mexico,34.7511,-106.6530
Escabosa,New Mexico,34.9251,-106.2900
Lordsburg,New Mexico,32.3438,-108.7024
Loco Hills,New Mexico,32.8197,-103.9783
Luna,New Mexico,33.8181,-108.9436
San Felipe Pueblo,New Mexico,35.4338,-106.4250
Bluewater,New Mexico,35.2550,-107.9856
Red River,New Mexico,36.7043,-105.4067
Coolidge,New Mexico,35.4470,-108.3634
Broadview,New Mexico,34.8195,-103.2136
Maljamar,New Mexico,32.8562,-103.7627
Abo,New Mexico,34.4559,-106.3331
Ranchito,New Mexico,36.4042,-105.5978
Encino,New Mexico,34.6518,-105.4586
Turley,New Mexico,36.7525,-107.7651
San Juan Pueblo,New Mexico,36.0528,-106.0706
Clayton,New Mexico,36.4434,-103.1577
Youngsville,New Mexico,36.1928,-106.5660
Thoreau,New Mexico,35.4209,-108.2235
Cedar Grove,New Mexico,35.1679,-106.1616
Brimhall Nizhoni,New Mexico,35.7785,-108.6322
East Pecos,New Mexico,35.5765,-105.6499
Cliff,New Mexico,32.9660,-108.6176
Hanover,New Mexico,32.8149,-108.0897
Los Chavez,New Mexico,34.7333,-106.7634
Sabinoso,New Mexico,35.6989,-104.4080
Buckhorn,New Mexico,33.0315,-108.6944
El Cerro,New Mexico,34.7807,-106.6956
Chama,New Mexico,36.8926,-106.5843
Maxwell,New Mexico,36.5411,-104.5431
Logan,New Mexico,35.3578,-103.4455
Orogrande,New Mexico,32.3875,-106.1003
San Miguel,New Mexico,32.1535,-106.7269
Chamita,New Mexico,36.0706,-106.0974
Twin Lakes,New Mexico,35.6834,-108.7709
Brazos,New Mexico,36.7529,-106.5598
Wagon Mound,New Mexico,36.0046,-104.7092
Jal,New Mexico,32.1155,-103.1892
Dixon,New Mexico,36.1886,-105.8784
Ruidoso Downs,New Mexico,33.3312,-105.5968
Lyden,New Mexico,36.1537,-106.0147
Mosquero,New Mexico,35.7743,-103.9544
La Plata,New Mexico,36.9232,-108.1932
Monticello,New Mexico,33.3970,-107.4509
Oasis,New Mexico,32.9277,-107.3164
Shiprock,New Mexico,36.7925,-108.7006
Dora,New Mexico,33.9324,-103.3369
Tierra Amarilla,New Mexico,36.7060,-106.5599
San Lorenzo,New Mexico,32.8086,-107.9221
Rutheron,New Mexico,36.7186,-106.6117
Boles Acres,New Mexico,32.8193,-105.9783
Miami,New Mexico,36.3500,-104.7931
Sheep Springs,New Mexico,36.1564,-108.6906
Peralta,New Mexico,34.8282,-106.6863
Aztec,New Mexico,36.8189,-107.9823
Zia Pueblo,New Mexico,35.5200,-106.7150
Picacho,New Mexico,33.3518,-105.1450
Valdez,New Mexico,36.5345,-105.5839
San Pablo,New Mexico,32.2507,-106.7625
Medanales,New Mexico,36.1756,-106.1834
Pi__on,New Mexico,32.6182,-105.3867
Milan,New Mexico,35.1949,-107.8946
Grants,New Mexico,35.1538,-107.8347
Carnuel,New Mexico,35.0608,-106.4586
Stanley,New Mexico,35.1475,-105.9770
Fruitland,New Mexico,36.7392,-108.3956
Las Maravillas,New Mexico,34.7340,-106.6690
Pinehill,New Mexico,35.0031,-108.4082
Pecos,New Mexico,35.5754,-105.6786
Willard,New Mexico,34.5949,-106.0317
Kirtland,New Mexico,36.7438,-108.3514
Sapello,New Mexico,35.7728,-105.2533
Hatch,New Mexico,32.6682,-107.1642
Zuni Pueblo,New Mexico,35.0708,-108.8484
Veguita,New Mexico,34.5146,-106.7679
Mora,New Mexico,35.9633,-105.3312
Chloride,New Mexico,33.3387,-107.6778
Ocate,New Mexico,36.1756,-105.0481
Conchas,New Mexico,35.3715,-104.2085
Cimarron,New Mexico,36.5087,-104.9115
Ca__ones,New Mexico,36.1769,-106.4244
Guadalupita,New Mexico,36.1375,-105.2386
Prewitt,New Mexico,35.3628,-108.0440
Rio Communities,New Mexico,34.6414,-106.7165
Serafina,New Mexico,35.3975,-105.3236
Glorieta,New Mexico,35.5840,-105.7629
Chamizal,New Mexico,34.2183,-106.9152
San Cristobal,New Mexico,36.6101,-105.6319
Aragon,New Mexico,33.8899,-108.5201
Pojoaque,New Mexico,35.8962,-106.0105
Ponderosa,New Mexico,35.6555,-106.6544
Beclabito,New Mexico,36.8335,-109.0039
Chical,New Mexico,34.8658,-106.6671
Madrid,New Mexico,35.4033,-106.1537
Grady,New Mexico,34.8218,-103.3157
Blanco,New Mexico,36.7214,-107.8327
Yah-ta-hey,New Mexico,35.6216,-108.7919
Hollywood,New Mexico,33.3234,-105.6350
Lamy,New Mexico,35.4855,-105.8863
La Mesilla,New Mexico,35.9461,-106.0718
Los Ranchos de Albuquerque,New Mexico,35.1629,-106.6483
Anthony,New Mexico,32.0131,-106.5985
San Antonito,New Mexico,33.8918,-106.8800
La Villita,New Mexico,36.1001,-106.0514
Paradise Hills,New Mexico,35.1980,-106.7021
Sanostee,New Mexico,36.4329,-108.8730
Grenville,New Mexico,36.5931,-103.6134
Pe__asco,New Mexico,36.1703,-105.6907
La Puebla,New Mexico,35.9890,-105.9988
Texico,New Mexico,34.3897,-103.0513
Abiquiu,New Mexico,36.2017,-106.3239
Angel Fire,New Mexico,36.3821,-105.2715
Jemez Pueblo,New Mexico,35.6068,-106.7332
Escondida,New Mexico,34.1013,-106.8974
Romeroville,New Mexico,35.5228,-105.2447
Lake Sumner,New Mexico,34.6186,-104.3800
Lincoln,New Mexico,33.4920,-105.3839
Algodones,New Mexico,35.3801,-106.4730
Ute Park,New Mexico,36.5467,-105.1038
Sunset,New Mexico,33.3395,-105.0753
La Madera,New Mexico,36.3808,-106.0420
Cerrillos,New Mexico,35.4378,-106.1225
Eagle Nest,New Mexico,36.5495,-105.2594
Jaconita,New Mexico,35.8857,-106.0611
San Jon,New Mexico,35.1142,-103.3354
Cubero,New Mexico,35.0903,-107.5264
San Patricio,New Mexico,33.4090,-105.3269
Estancia,New Mexico,34.7669,-106.0313
Farmington,New Mexico,36.7559,-108.1827
Newkirk,New Mexico,35.0635,-104.2716
Rowe,New Mexico,35.4922,-105.6715
Rio Rancho,New Mexico,35.2873,-106.6979
Edgewood,New Mexico,35.0614,-106.1914
El Valle de Arroyo Seco,New Mexico,35.9527,-106.0262
Sandia Park,New Mexico,35.1648,-106.3657
Bernardo,New Mexico,34.4187,-106.8336
Humble City,New Mexico,32.7951,-103.2191
Pinedale,New Mexico,35.6039,-108.4470
Villanueva,New Mexico,35.2660,-105.3602
Whites City,New Mexico,32.1767,-104.3739
Nageezi,New Mexico,36.2488,-107.7471
Dulce,New Mexico,36.9399,-107.0049
Des Moines,New Mexico,36.7626,-103.8358
Allison,New Mexico,35.5242,-108.7851
Arroyo Hondo,New Mexico,36.5346,-105.6666
Elephant Butte,New Mexico,33.1811,-107.2269
Anton Chico,New Mexico,35.1947,-105.1439
Santa Teresa,New Mexico,31.8698,-106.6710
Cedro,New Mexico,35.0181,-106.3507
Rock Springs,New Mexico,35.6088,-108.8293
Reserve,New Mexico,33.7092,-108.7616
La Joya,New Mexico,34.3449,-106.8466
Bent,New Mexico,33.1473,-105.8590
Cobre,New Mexico,32.7805,-108.1105
Kingston,New Mexico,32.9173,-107.7097
Los Pinos,New Mexico,36.9883,-106.0645
Garfield,New Mexico,32.7568,-107.2665
Taiban,New Mexico,34.4401,-104.0091
Rio Lucio,New Mexico,36.1922,-105.7200
Bernalillo,New Mexico,35.3126,-106.5537
Naschitti,New Mexico,36.0625,-108.6800
Regina,New Mexico,36.1947,-106.9453
El Rito,New Mexico,36.3380,-106.1844
Capulin,New Mexico,36.7446,-103.9958
Galisteo,New Mexico,35.3950,-105.9570
Chaparral,New Mexico,32.0442,-106.4059
Windmill,New Mexico,31.9769,-108.6315
Lake Valley,New Mexico,36.0901,-108.1642
Ramah,New Mexico,35.1376,-108.4859
Sacramento,New Mexico,32.7917,-105.5723
Santa Clara Pueblo,New Mexico,35.9726,-106.0928
Bosque Farms,New Mexico,34.8538,-106.7016
Santo Domingo Pueblo,New Mexico,35.5175,-106.3670
Nenahnezad,New Mexico,36.7354,-108.4253
Do__a Ana,New Mexico,32.3940,-106.8177
Atoka,New Mexico,32.7783,-104.3931
Crystal,New Mexico,36.0280,-108.9911
Duran,New Mexico,34.4636,-105.3807
Agua Fria,New Mexico,35.6615,-106.0148
Rehoboth,New Mexico,35.5289,-108.6548
Midway,New Mexico,33.2958,-104.4518
Magdalena,New Mexico,34.1095,-107.2317
Rodarte,New Mexico,36.1520,-105.6728
Holman,New Mexico,36.0384,-105.3836
Portales,New Mexico,34.1765,-103.3543
Folsom,New Mexico,36.8483,-103.9186
Manzano Springs,New Mexico,34.9614,-106.2328
Lake Arthur,New Mexico,32.9995,-104.3640
Madrone,New Mexico,34.5792,-106.7287
Pastura,New Mexico,34.7850,-104.9422
San Juan,New Mexico,32.7609,-107.9053
Corrales,New Mexico,35.2367,-106.6197
Redrock,New Mexico,32.6862,-108.7381
La Jara,New Mexico,36.1055,-106.9420
Sena,New Mexico,35.3037,-105.3914
Armijo,New Mexico,35.0537,-106.6772
Cloudcroft,New Mexico,32.9532,-105.7330
New Laguna,New Mexico,35.0409,-107.4220
Casa Blanca,New Mexico,35.0456,-107.4714
Rincon,New Mexico,32.6729,-107.0764
Paguate,New Mexico,35.1356,-107.3640
Gallup,New Mexico,35.5178,-108.7473
Navajo,New Mexico,35.9024,-109.0321
San Antonio,New Mexico,33.9161,-106.8700
Polvadera,New Mexico,34.2021,-106.9172
Domingo,New Mexico,35.5109,-106.3200
White Rock,New Mexico,35.8075,-106.2066
Spencerville,New Mexico,36.8191,-108.0561
Pilar,New Mexico,36.2697,-105.7881
Florida,New Mexico,32.4159,-107.5767
Los Lunas,New Mexico,34.8092,-106.7663
San Pedro,New Mexico,35.2280,-106.1848
El Rancho,New Mexico,35.8927,-106.0856
Velarde,New Mexico,36.1608,-105.9659
Suwanee,New Mexico,34.9350,-107.1373
Chamberino,New Mexico,32.0364,-106.6776
Tocito,New Mexico,36.3994,-108.7812
Deming,New Mexico,32.2632,-107.7514
Arrey,New Mexico,32.8472,-107.3204
Tecolote,New Mexico,35.4605,-105.2842
Truth or Consequences,New Mexico,33.1851,-107.2587
San Ignacio,New Mexico,35.7711,-105.3545
Tucumcari,New Mexico,35.1701,-103.7043
Scholle,New Mexico,34.4276,-106.4167
Santa Clara,New Mexico,32.7778,-108.1555
Ranchos de Taos,New Mexico,36.3622,-105.6011
Vado,New Mexico,32.1279,-106.6571
Alamogordo,New Mexico,32.8834,-105.9627
Hernandez,New Mexico,36.0567,-106.1186
Las Nutrias,New Mexico,34.4696,-106.7708
Apache Creek,New Mexico,33.8487,-108.6141
Valmont,New Mexico,32.7468,-105.9875
Floyd,New Mexico,34.2283,-103.5544
Ribera,New Mexico,35.3700,-105.4441
Sandia Knolls,New Mexico,35.1603,-106.2987
Pe__a Blanca,New Mexico,35.5709,-106.3319
Waterflow,New Mexico,36.7574,-108.4709
Ojo Sarco,New Mexico,36.1225,-105.7834
Mimbres,New Mexico,32.8332,-107.9559
Ponderosa Pine,New Mexico,34.9720,-106.3369
Nara Visa,New Mexico,35.6068,-103.1043
Talpa,New Mexico,36.3421,-105.5923
Llano Del Medio,New Mexico,35.1881,-105.1162
Winston,New Mexico,33.3462,-107.6485
Canjilon,New Mexico,36.4840,-106.4335
McDonald,New Mexico,33.1407,-103.3174
Salem,New Mexico,32.7122,-107.2044
Causey,New Mexico,33.8576,-103.1066
Cleveland,New Mexico,35.9934,-105.3706
Wingate,New Mexico,35.5145,-108.5448
Santa Fe,New Mexico,35.6619,-105.9818
Cedar Crest,New Mexico,35.1113,-106.3802
Sedillo,New Mexico,35.0906,-106.2869
San Ysidro,New Mexico,35.5605,-106.7733
Tyrone,New Mexico,32.7099,-108.3028
Cruzville,New Mexico,33.8099,-108.6684
Capitan,New Mexico,33.5393,-105.5983
Watrous,New Mexico,35.7900,-104.9819
Valencia,New Mexico,34.8054,-106.6869
Cordova,New Mexico,36.0127,-105.8566
Hope,New Mexico,32.8157,-104.7355
Loving,New Mexico,32.2867,-104.0970
Belen,New Mexico,34.6804,-106.7875
Chupadero,New Mexico,35.8144,-105.9198
North Acomita Village,New Mexico,35.0659,-107.5676
Hot Springs Landing,New Mexico,33.2047,-107.2100
Newman,New Mexico,32.0034,-106.3230
Coyote,New Mexico,36.1616,-106.6067
Tatum,New Mexico,33.2553,-103.3111
Mesquite,New Mexico,32.1669,-106.6885
Springer,New Mexico,36.3661,-104.5932
Dilia,New Mexico,35.1931,-105.0636
Quemado,New Mexico,34.3415,-108.5060
Gallina,New Mexico,36.2283,-106.8189
Lucero,New Mexico,36.0164,-105.2283
Crossroads,New Mexico,33.5123,-103.3397
Adelino,New Mexico,34.7066,-106.7304
Black Rock,New Mexico,35.0833,-108.7979
La Union,New Mexico,31.9507,-106.6621
Oscura,New Mexico,33.4837,-106.0544
Mentmore,New Mexico,35.5142,-108.8456
El Porvenir,New Mexico,35.6967,-105.3828
La Puente,New Mexico,36.7000,-106.6009
Acomita Lake,New Mexico,35.0660,-107.6171
Tesuque,New Mexico,35.7486,-105.9210
Datil,New Mexico,34.1423,-107.8424
Contreras,New Mexico,34.3828,-106.8136
San Acacia,New Mexico,34.2550,-106.9022
Caballo,New Mexico,32.9806,-107.3075
South Valley,New Mexico,35.0090,-106.6820
Williamsburg,New Mexico,33.1158,-107.2959
Lumberton,New Mexico,36.9328,-106.9353
Abeytas,New Mexico,34.4652,-106.8137
Hayden,New Mexico,35.9684,-103.2716
Hobbs,New Mexico,32.7281,-103.1597
Flora Vista,New Mexico,36.8056,-108.0856
Santa Rosa,New Mexico,34.9360,-104.6769
Elkins,New Mexico,33.6945,-104.0550
Los Luceros,New Mexico,36.1151,-106.0371
Manzano,New Mexico,34.6437,-106.3670
Solano,New Mexico,35.8484,-104.0675
Bibo,New Mexico,35.1807,-107.4178
Eunice,New Mexico,32.4425,-103.1916
Gila,New Mexico,32.9485,-108.5762
North Valley,New Mexico,35.1735,-106.6232
Seama,New Mexico,35.0441,-107.5271
Costilla,New Mexico,36.9786,-105.5353
Socorro,New Mexico,34.0544,-106.9064
Berino,New Mexico,32.0689,-106.6219
Alto,New Mexico,33.3987,-105.6808
Pinos Altos,New Mexico,32.8665,-108.2221
University Park,New Mexico,32.2767,-106.7463
Corona,New Mexico,34.2500,-105.5971
Alamo,New Mexico,34.4184,-107.5125
Ensenada,New Mexico,36.7309,-106.5368
Los Ojos,New Mexico,36.7361,-106.5669
Continental Divide,New Mexico,35.4250,-108.3153
Bloomfield,New Mexico,36.7265,-107.9792
San Ildefonso Pueblo,New Mexico,35.8955,-106.1225
Hagerman,New Mexico,33.1146,-104.3283
Cuyamungue,New Mexico,35.8648,-106.0096
Pueblo Pintado,New Mexico,35.9453,-107.6161
Jarales,New Mexico,34.6146,-106.7631
Los Padillas,New Mexico,34.9692,-106.6959
Melrose,New Mexico,34.4289,-103.6296
Pajarito,New Mexico,34.9864,-106.6967
Nakaibito,New Mexico,35.7826,-108.8039
Ruidoso,New Mexico,33.3640,-105.6443
Cuba,New Mexico,36.0122,-106.9696
Albuquerque,New Mexico,35.1055,-106.6476
Soham,New Mexico,35.4168,-105.4985
Vaughn,New Mexico,34.6072,-105.2126
Clines Corners,New Mexico,35.0095,-105.6692
Acomita,New Mexico,35.0553,-107.5717
Rodey,New Mexico,32.6538,-107.1358
San Jose,New Mexico,35.3955,-105.4759
Las Palomas,New Mexico,33.0589,-107.2983
Rodeo,New Mexico,31.8396,-109.0265
Mescalero,New Mexico,33.1448,-105.7897
Las Cruces,New Mexico,32.3265,-106.7893
Cotton City,New Mexico,32.1101,-108.8805
Nogal,New Mexico,33.5395,-105.7105
Black River Village,New Mexico,32.2018,-104.2530
McCartys,New Mexico,35.0628,-107.6695
Bosque,New Mexico,34.5601,-106.7892
Roy,New Mexico,35.9451,-104.1963
Tohatchi,New Mexico,35.8410,-108.7506
Hachita,New Mexico,31.9153,-108.3252
Alamillo,New Mexico,34.2519,-106.9158
Gage,New Mexico,32.2295,-108.0861
Lovington,New Mexico,32.9457,-103.3504
Torreon,New Mexico,34.7241,-106.3008
Chilili,New Mexico,34.8974,-106.2332
Taos,New Mexico,36.3868,-105.5802
North Hurley,New Mexico,32.7197,-108.1285
Dayton,New Mexico,32.7315,-104.3852
Pie Town,New Mexico,34.3400,-108.1708
Weed,New Mexico,32.8025,-105.5248
Carrizozo,New Mexico,33.6433,-105.8411
Santa Cruz,New Mexico,35.9939,-106.0360
Nadine,New Mexico,32.6239,-103.1069
Chili,New Mexico,36.1027,-106.1529
Meadow Lake,New Mexico,34.8024,-106.5701
Yeso,New Mexico,34.4392,-104.6100
El Duende,New Mexico,36.0738,-106.1269
Young Place,New Mexico,36.9934,-107.4931
Artesia,New Mexico,32.8479,-104.4277
Hurley,New Mexico,32.6982,-108.1321
Tularosa,New Mexico,33.0753,-106.0175
Separ,New Mexico,32.2009,-108.4223
Luis Lopez,New Mexico,33.9904,-106.8878
Tesuque Pueblo,New Mexico,35.8091,-105.9752
Mesita,New Mexico,35.0134,-107.3296
Golden,New Mexico,35.2637,-106.2233
House,New Mexico,34.6484,-103.9034
Puerto De Luna,New Mexico,34.8297,-104.6222
Silver City,New Mexico,32.7783,-108.2699
Pleasanton,New Mexico,33.2759,-108.8792
Mule Creek,New Mexico,33.1220,-108.9562
Embudo,New Mexico,36.2075,-105.9611
White Sands,New Mexico,32.3836,-106.4928
Eldorado at Santa Fe,New Mexico,35.5273,-105.9340
Casa Colorada,New Mexico,34.5536,-106.7422
Tecolotito,New Mexico,35.2308,-105.1631
Gamerco,New Mexico,35.5722,-108.7654
Picuris Pueblo,New Mexico,36.1995,-105.7133
San Luis,New Mexico,35.7009,-107.0431
Espa__ola,New Mexico,36.0040,-106.0677
Hillsboro,New Mexico,32.9218,-107.5777
Malaga,New Mexico,32.2227,-104.0692
Pueblitos,New Mexico,34.6110,-106.7817
Cochiti Lake,New Mexico,35.6478,-106.3425
Sunshine,New Mexico,32.1344,-107.7838
High Rolls,New Mexico,32.9388,-105.8214
Pueblito,New Mexico,36.0727,-106.0811
Glenwood,New Mexico,33.3188,-108.8810
Laguna,New Mexico,35.0504,-107.4071
Tijeras,New Mexico,35.0884,-106.3760
Monument,New Mexico,32.6243,-103.2776
Manuelito,New Mexico,35.4220,-108.9940
Roswell,New Mexico,33.3729,-104.5294
Tres Piedras,New Mexico,36.6470,-105.9672
La Mesa,New Mexico,32.1244,-106.7090
Canova,New Mexico,36.1648,-105.9857
Cochiti,New Mexico,35.6094,-106.3486
Church Rock,New Mexico,35.5308,-108.6234
Aspen Park,Colorado,39.5423,-105.2968
Milner,Colorado,40.4847,-107.0195
Alamosa,Colorado,37.4755,-105.8770
Platner,Colorado,40.1553,-103.0674
Red Cliff,Colorado,39.5091,-106.3703
New Raymer,Colorado,40.6067,-103.8438
Bailey,Colorado,39.4055,-105.4733
Sherrelwood,Colorado,39.8390,-105.0014
Nederland,Colorado,39.9633,-105.5071
Redvale,Colorado,38.1761,-108.4126
Lake City,Colorado,38.0303,-107.3103
Platteville,Colorado,40.2240,-104.8340
Arboles,Colorado,37.0201,-107.4221
Rifle,Colorado,39.5361,-107.7719
Dailey,Colorado,40.6567,-102.7238
Raymer,Colorado,40.6078,-103.8443
Poncha Springs,Colorado,38.5131,-106.0962
Black Hawk,Colorado,39.8011,-105.4891
Castle Pines,Colorado,39.4625,-104.8706
Penrose,Colorado,38.4213,-105.0004
Telluride,Colorado,37.9365,-107.8264
Palisade,Colorado,39.1079,-108.3582
Fowler,Colorado,38.1296,-104.0255
Wild Horse,Colorado,38.8258,-103.0116
Avondale,Colorado,38.2351,-104.3435
Goodrich,Colorado,40.3511,-104.0616
Parker,Colorado,39.5075,-104.7746
Sugar City,Colorado,38.2328,-103.6633
Capulin,Colorado,37.2819,-106.1051
Vail,Colorado,39.6386,-106.3608
Battlement Mesa,Colorado,39.4505,-108.0068
Kline,Colorado,37.1442,-108.1195
Trimble,Colorado,37.3903,-107.8465
Rockvale,Colorado,38.3647,-105.1648
Frisco,Colorado,39.5793,-106.0918
Hereford,Colorado,40.9750,-104.3058
Branson,Colorado,37.0156,-103.8838
Windsor,Colorado,40.4666,-104.9213
Rosita,Colorado,38.0972,-105.3361
Woodmoor,Colorado,39.1063,-104.8456
Severance,Colorado,40.5339,-104.8627
Denver,Colorado,39.7621,-104.8759
Goldfield,Colorado,38.7177,-105.1254
Rico,Colorado,37.6885,-108.0315
Arriba,Colorado,39.2841,-103.2739
Burlington,Colorado,39.3045,-102.2714
Stratmoor,Colorado,38.7727,-104.7786
Somerset,Colorado,38.9264,-107.4703
Hartman,Colorado,38.1212,-102.2217
Dove Creek,Colorado,37.7668,-108.9061
Mogote,Colorado,37.0595,-106.0922
Blende,Colorado,38.2469,-104.5692
Buckingham,Colorado,40.6214,-103.9777
Pueblo West,Colorado,38.3551,-104.7266
Hamilton,Colorado,40.3672,-107.6131
Rock Creek Park,Colorado,38.7011,-104.8347
Hooper,Colorado,37.7460,-105.8777
Calhan,Colorado,39.0344,-104.2992
Rush,Colorado,38.8400,-104.0922
Vilas,Colorado,37.3737,-102.4474
Lone Tree,Colorado,39.5308,-104.8710
Dupont,Colorado,39.8380,-104.9119
Wetmore,Colorado,38.2381,-105.0847
Edgewater,Colorado,39.7507,-105.0627
Ohio,Colorado,38.5667,-106.6117
Manassa,Colorado,37.1738,-105.9372
Lyons,Colorado,40.2232,-105.2694
Iliff,Colorado,40.7585,-103.0662
South Fork,Colorado,37.6694,-106.6425
Moffat,Colorado,38.0020,-105.9055
Gold Hill,Colorado,40.0597,-105.4189
Crisman,Colorado,40.0416,-105.3674
El Moro,Colorado,37.2349,-104.4492
Limon,Colorado,39.2653,-103.6852
Almont,Colorado,38.6647,-106.8462
Victor,Colorado,38.7090,-105.1419
Collbran,Colorado,39.2401,-107.9637
Fort Morgan,Colorado,40.2561,-103.7907
Seibert,Colorado,39.2980,-102.8695
Elbert,Colorado,39.2188,-104.5403
Thornton,Colorado,39.9202,-104.9445
Livermore,Colorado,40.7944,-105.2172
Kirk,Colorado,39.6127,-102.5920
Louisville,Colorado,39.9708,-105.1441
Fountain,Colorado,38.6863,-104.6744
Mountain Village,Colorado,37.9323,-107.8578
Mountain Meadows,Colorado,40.0270,-105.3832
Buena Vista,Colorado,38.8318,-106.1389
Segundo,Colorado,37.1225,-104.7396
Mountain View,Colorado,39.7748,-105.0567
Kit Carson,Colorado,38.7627,-102.7955
Vernon,Colorado,39.9399,-102.3074
Cedaredge,Colorado,38.8942,-107.9255
Akron,Colorado,40.1644,-103.2206
Brighton,Colorado,39.9719,-104.7958
Mulford,Colorado,39.4064,-107.1660
Laporte,Colorado,40.6385,-105.1444
Sheridan Lake,Colorado,38.4667,-102.2941
Loveland,Colorado,40.4168,-105.0622
Crowley,Colorado,38.1935,-103.8598
Dotsero,Colorado,39.6464,-107.0541
Estes Park,Colorado,40.3701,-105.5214
Phippsburg,Colorado,40.2301,-106.9509
Genoa,Colorado,39.2783,-103.4986
Westcliffe,Colorado,38.1340,-105.4654
Wellington,Colorado,40.7000,-105.0059
Tiffany,Colorado,37.0328,-107.5381
Fraser,Colorado,39.9303,-105.8030
Wray,Colorado,40.0799,-102.2279
Walsh,Colorado,37.3861,-102.2799
Buckeye,Colorado,40.8272,-105.0950
Cathedral,Colorado,38.0836,-107.0306
Tabernash,Colorado,39.9789,-105.8444
Chromo,Colorado,37.0364,-106.8434
Genesee,Colorado,39.6873,-105.2719
Eagle,Colorado,39.6368,-106.8157
Broadmoor,Colorado,38.7955,-104.8414
Tarryall,Colorado,39.1219,-105.4756
Idalia,Colorado,39.7029,-102.2938
Lakewood,Colorado,39.6977,-105.1170
Montrose,Colorado,38.4689,-107.8591
Gardner,Colorado,37.7833,-105.1656
Ridgway,Colorado,38.1591,-107.7531
Falcon,Colorado,38.9330,-104.6086
Ponderosa Park,Colorado,39.3987,-104.6356
Lochbuie,Colorado,40.0117,-104.7270
Glen Haven,Colorado,40.4539,-105.4492
Gulnare,Colorado,37.3172,-104.7519
Prospect Heights,Colorado,38.4264,-105.2375
Dinosaur,Colorado,40.2406,-109.0086
Lawson,Colorado,39.7658,-105.6275
Joes,Colorado,39.6559,-102.6786
Lazear,Colorado,38.7800,-107.7817
Cuchara,Colorado,37.3792,-105.1003
Hidden Lake,Colorado,40.1055,-105.4777
Dillon,Colorado,39.6209,-106.0385
Manitou Springs,Colorado,38.8576,-104.9124
Silverthorne,Colorado,39.6563,-106.0869
Jaroso,Colorado,37.0028,-105.6242
Hartsel,Colorado,39.0217,-105.7958
Copper Mountain,Colorado,39.4769,-106.2011
Arlington,Colorado,38.3361,-103.3433
Mancos,Colorado,37.3466,-108.2939
Twin Lakes,Colorado,39.1037,-106.3190
Yuma,Colorado,40.1239,-102.7164
Briggsdale,Colorado,40.6347,-104.3269
Two Buttes,Colorado,37.5607,-102.3966
Vona,Colorado,39.3021,-102.7434
Castle Pines Village,Colorado,39.4421,-104.8972
El Rancho,Colorado,39.6986,-105.3336
Nucla,Colorado,38.2664,-108.5488
Leadville,Colorado,39.2467,-106.2935
Columbine Valley,Colorado,39.5993,-105.0350
Avon,Colorado,39.6448,-106.5138
Western Hills,Colorado,39.8322,-104.9972
Yoder,Colorado,38.8394,-104.2219
Loma,Colorado,39.2075,-108.8050
Buffalo Creek,Colorado,39.3867,-105.2703
Hot Sulphur Springs,Colorado,40.0748,-106.1025
Del Norte,Colorado,37.6784,-106.3539
Oxford,Colorado,37.1689,-107.7142
Manzanola,Colorado,38.1088,-103.8669
Agate,Colorado,39.4617,-103.9422
Aristocrat Ranchettes,Colorado,40.1096,-104.7549
Haxtun,Colorado,40.6415,-102.6295
Garo,Colorado,39.1078,-105.8903
Stoneham,Colorado,40.6055,-103.6666
Parachute,Colorado,39.4500,-108.0549
Walden,Colorado,40.7315,-106.2813
Merino,Colorado,40.4846,-103.3536
Superior,Colorado,39.9348,-105.1584
Timnath,Colorado,40.5312,-104.9619
Silverton,Colorado,37.8111,-107.6646
Snyder,Colorado,40.3312,-103.5915
Willard,Colorado,40.5544,-103.4863
Flagler,Colorado,39.2955,-103.0767
Julesburg,Colorado,40.9851,-102.2626
Jefferson,Colorado,39.3772,-105.8006
Jamestown,Colorado,40.1178,-105.3916
Alma,Colorado,39.2852,-106.0654
Evergreen,Colorado,39.6349,-105.3355
Galeton,Colorado,40.5208,-104.5858
Aspen,Colorado,39.1948,-106.8370
Elizabeth,Colorado,39.3610,-104.6062
Marshdale,Colorado,39.5925,-105.3122
Cimarron,Colorado,38.4425,-107.5567
Romeo,Colorado,37.1718,-105.9854
Ward,Colorado,40.0726,-105.5136
Alpine,Colorado,37.6878,-106.5861
Granby,Colorado,40.0657,-105.9195
The Pinery,Colorado,39.4461,-104.7592
Redmesa,Colorado,37.0944,-108.1704
Pikeview,Colorado,38.9153,-104.8222
Centennial,Colorado,39.5927,-104.8674
Log Lane Village,Colorado,40.2701,-103.8294
Ault,Colorado,40.5835,-104.7340
Snowmass Village,Colorado,39.2203,-106.9393
Evans,Colorado,40.3661,-104.7389
Garcia,Colorado,37.0042,-105.5372
Pitkin,Colorado,38.6086,-106.5164
Pine Grove,Colorado,39.4100,-105.3239
Eads,Colorado,38.4813,-102.7798
Beulah Valley,Colorado,38.0664,-104.9785
Franktown,Colorado,39.3906,-104.7486
Erie,Colorado,40.0384,-105.0409
San Pablo,Colorado,37.1492,-105.3970
Sanford,Colorado,37.2574,-105.9007
Kersey,Colorado,40.3874,-104.5660
Blanca,Colorado,37.4393,-105.5135
Hugo,Colorado,39.1359,-103.4733
Firestone,Colorado,40.1505,-104.9479
Towaoc,Colorado,37.2126,-108.7265
Bedrock,Colorado,38.3150,-108.8909
Coaldale,Colorado,38.3563,-105.8155
Proctor,Colorado,40.8069,-102.9516
North Washington,Colorado,39.8085,-104.9792
Orchard City,Colorado,38.8140,-107.9708
Wondervu,Colorado,39.9255,-105.3950
Howard,Colorado,38.4098,-105.8424
Welby,Colorado,39.8403,-104.9655
Delta,Colorado,38.7561,-108.0772
Dumont,Colorado,39.7647,-105.6003
Mesa,Colorado,39.1664,-108.1390
Placerville,Colorado,38.0167,-108.0534
Silver Plume,Colorado,39.6954,-105.7266
Eldorado Springs,Colorado,39.9367,-105.2625
Paoli,Colorado,40.6128,-102.4721
Vineland,Colorado,38.2447,-104.4599
Meredith,Colorado,39.3630,-106.7300
Ophir,Colorado,37.8568,-107.8288
Atwood,Colorado,40.5505,-103.2746
Peetz,Colorado,40.9620,-103.1142
Guffey,Colorado,38.7591,-105.5024
Cortez,Colorado,37.3498,-108.5769
Crested Butte,Colorado,38.8676,-106.9772
Chama,Colorado,37.1620,-105.3783
Whitewater,Colorado,38.9911,-108.4534
Wheat Ridge,Colorado,39.7728,-105.1030
Craig,Colorado,40.5170,-107.5558
Colorado Springs,Colorado,38.8673,-104.7605
Stanley Park,Colorado,39.6183,-105.2928
Hillside,Colorado,38.2653,-105.6117
Crook,Colorado,40.8588,-102.8014
Berthoud,Colorado,40.3059,-105.0412
Trinidad,Colorado,37.1748,-104.4907
Mosca,Colorado,37.6483,-105.8739
Anton,Colorado,39.7417,-103.2172
Kittredge,Colorado,39.6593,-105.3045
North La Junta,Colorado,37.9985,-103.5228
Durango,Colorado,37.2744,-107.8702
Westminster,Colorado,39.8837,-105.0627
Holly,Colorado,38.0554,-102.1247
Crawford,Colorado,38.7053,-107.6100
Norwood,Colorado,38.1288,-108.2918
Estrella,Colorado,37.3661,-105.9245
Grand Junction,Colorado,39.0881,-108.5675
Bark Ranch,Colorado,40.1156,-105.4417
La Junta,Colorado,37.9797,-103.5473
Brookvale,Colorado,39.6297,-105.4192
Foxfield,Colorado,39.5884,-104.7858
Lynn,Colorado,37.4219,-104.6430
Pierce,Colorado,40.6335,-104.7551
Fort Garland,Colorado,37.4279,-105.4350
Frederick,Colorado,40.1096,-104.9677
Ludlow,Colorado,37.3333,-104.5833
Niwot,Colorado,40.0980,-105.1552
Allison,Colorado,37.0244,-107.4881
Lafayette,Colorado,39.9946,-105.0996
Mead,Colorado,40.2293,-104.9943
Pandora,Colorado,37.9333,-107.7856
Sedalia,Colorado,39.4397,-104.9698
Fruitvale,Colorado,39.0933,-108.4789
Bond,Colorado,39.8744,-106.6873
Wah Keeney Park,Colorado,39.6603,-105.3405
Mesita,Colorado,37.0984,-105.6020
Lakeside,Colorado,39.7802,-105.0579
Lewis,Colorado,37.5017,-108.6600
Weston,Colorado,37.1460,-104.8684
Garfield,Colorado,38.5493,-106.2895
Herzman Mesa,Colorado,39.6105,-105.3103
Winter Park,Colorado,39.8778,-105.7827
Minturn,Colorado,39.5462,-106.3872
Powder Wash,Colorado,40.9458,-108.3115
Broomfield,Colorado,39.9541,-105.0526
Roggen,Colorado,40.1675,-104.3722
Dolores,Colorado,37.4740,-108.4998
Norrie,Colorado,39.3279,-106.6561
Gunnison,Colorado,38.5455,-106.9226
Eastlake,Colorado,39.9239,-104.9614
La Salle,Colorado,40.3484,-104.7059
Henderson,Colorado,39.9205,-104.8658
Perry Park,Colorado,39.2595,-104.9824
Cornish,Colorado,40.5230,-104.4133
Federal Heights,Colorado,39.8651,-105.0154
Ramah,Colorado,39.1222,-104.1673
Allenspark,Colorado,40.2096,-105.5107
Bowie,Colorado,38.9214,-107.5401
Adams City,Colorado,39.8267,-104.9289
Fairplay,Colorado,39.2245,-105.9959
Acres Green,Colorado,39.5558,-104.8957
Beulah,Colorado,38.0750,-104.9867
Marvel,Colorado,37.1125,-108.1267
Masonville,Colorado,40.4875,-105.2108
Greenwood Village,Colorado,39.6152,-104.9130
Redlands,Colorado,39.0877,-108.6575
Masters,Colorado,40.3094,-104.2450
Stonewall Gap,Colorado,37.1605,-105.0342
Holly Hills,Colorado,39.6679,-104.9217
Kiowa,Colorado,39.3431,-104.4555
Eaton,Colorado,40.5251,-104.7133
Lincoln Park,Colorado,38.4255,-105.2130
Gem Village,Colorado,37.2192,-107.6373
Laird,Colorado,40.0819,-102.1020
Sargents,Colorado,38.4042,-106.4150
Chacra,Colorado,39.5770,-107.4509
Lazy Acres,Colorado,40.0837,-105.3313
Gilcrest,Colorado,40.2842,-104.7820
McCoy,Colorado,39.9143,-106.7258
Peyton,Colorado,39.0330,-104.4904
Pritchett,Colorado,37.3700,-102.8587
Fulford,Colorado,39.5166,-106.6576
Wiggins,Colorado,40.2275,-104.0732
Grant,Colorado,39.4597,-105.6617
Roxborough Park,Colorado,39.4492,-105.0746
Arvada,Colorado,39.8321,-105.1508
Bayfield,Colorado,37.2353,-107.5948
Larkspur,Colorado,39.2318,-104.8924
Leyden,Colorado,39.8447,-105.1842
Morrison,Colorado,39.6423,-105.1943
Vollmar,Colorado,40.1350,-104.8389
Aurora,Colorado,39.7085,-104.7274
Crestone,Colorado,37.9945,-105.6963
Basalt,Colorado,39.3663,-107.0412
Woodland Park,Colorado,38.9988,-105.0595
Ken Caryl,Colorado,39.5769,-105.1138
San Antonio,Colorado,37.0208,-106.0281
Rocky Ford,Colorado,38.0499,-103.7227
Rangely,Colorado,40.0864,-108.7774
Campo,Colorado,37.1047,-102.5786
Stonewall,Colorado,37.1522,-105.0172
Starkville,Colorado,37.1166,-104.5231
San Pedro,Colorado,37.1597,-105.4025
Hawley,Colorado,37.9828,-103.7111
Dacono,Colorado,40.0617,-104.9500
Meeker,Colorado,40.0498,-107.8952
Shaw Heights,Colorado,39.8566,-105.0390
Yellow Jacket,Colorado,37.5344,-108.7173
Mineral Hot Springs,Colorado,38.1689,-105.9258
El Jebel,Colorado,39.4051,-107.0921
Cherry Creek,Colorado,39.6094,-104.8645
Palmer Lake,Colorado,39.1156,-104.9051
Holyoke,Colorado,40.5826,-102.2985
Idaho Springs,Colorado,39.7442,-105.4999
Brush,Colorado,40.2581,-103.6322
Chipita Park,Colorado,38.9244,-105.0066
Lake George,Colorado,38.9797,-105.3575
Las Animas,Colorado,38.0695,-103.2236
Cahone,Colorado,37.6589,-108.8079
Pleasant View,Colorado,37.5894,-108.7651
La Garita,Colorado,37.8408,-106.2467
Parshall,Colorado,40.0555,-106.1758
Westcreek,Colorado,39.1498,-105.1626
Johnson Village,Colorado,38.8120,-106.1071
Saguache,Colorado,38.0861,-106.1408
Blue Mountain,Colorado,40.2483,-108.8618
Bow Mar,Colorado,39.6252,-105.0513
Lamar,Colorado,38.0739,-102.6155
Snowmass,Colorado,39.3317,-106.9862
Stonington,Colorado,37.2936,-102.1874
Todd Creek,Colorado,39.9795,-104.8727
Carr,Colorado,40.8961,-104.8750
Valmont,Colorado,40.0341,-105.2060
Littleton,Colorado,39.5912,-105.0193
Sterling,Colorado,40.6207,-103.1919
Mack,Colorado,39.2239,-108.8651
Grand View Estates,Colorado,39.5440,-104.8189
Hudson,Colorado,40.0893,-104.6269
Center,Colorado,37.7514,-106.1102
Montezuma,Colorado,39.5818,-105.8681
Ovid,Colorado,40.9606,-102.3884
Gerrard,Colorado,37.6783,-106.5753
Cotopaxi,Colorado,38.3739,-105.6909
Pagosa Springs,Colorado,37.2675,-107.0300
Byers,Colorado,39.7101,-104.2190
Stratton,Colorado,39.3029,-102.6035
Burns,Colorado,39.8739,-106.8856
Divide,Colorado,38.9450,-105.1619
Marshall,Colorado,39.9555,-105.2297
Creede,Colorado,37.8492,-106.9264
Smeltertown,Colorado,38.5524,-106.0085
Sugarloaf,Colorado,40.0189,-105.4078
Nunn,Colorado,40.7123,-104.7894
Wattenberg,Colorado,40.0278,-104.8366
Bethune,Colorado,39.3038,-102.4234
Ignacio,Colorado,37.1178,-107.6375
Gypsum,Colorado,39.6286,-106.9343
Glenwood Springs,Colorado,39.5459,-107.3348
Edwards,Colorado,39.6215,-106.6183
Otis,Colorado,40.1500,-102.9621
Wigwam,Colorado,38.5394,-104.6355
Crystola,Colorado,38.9558,-105.0272
Egnar,Colorado,37.9164,-108.9401
Georgetown,Colorado,39.7178,-105.6945
Hoyt,Colorado,40.0155,-104.0750
Cope,Colorado,39.6639,-102.8510
Bonanza Mountain Estates,Colorado,39.9768,-105.4798
Bondad,Colorado,37.0458,-107.8762
Grand Lake,Colorado,40.2504,-105.8236
Garden City,Colorado,40.3948,-104.6893
Blue River,Colorado,39.4357,-106.0354
Greenhorn,Colorado,37.9070,-104.8533
Strasburg,Colorado,39.7181,-104.3195
Hasty,Colorado,38.1063,-102.9560
Gunbarrel,Colorado,40.0634,-105.1712
Castle Pines North,Colorado,39.4717,-104.8948
Grover,Colorado,40.8691,-104.2259
Bristol,Colorado,38.1222,-102.3116
Glendale,Colorado,39.7036,-104.9352
Bellvue,Colorado,40.6264,-105.1716
No Name,Colorado,39.5597,-107.2930
La Veta,Colorado,37.5084,-105.0085
Black Forest,Colorado,39.0608,-104.6753
Cheyenne Wells,Colorado,38.8192,-102.3521
Cattle Creek,Colorado,39.4667,-107.2599
Steamboat Springs,Colorado,40.4774,-106.8233
San Acacio,Colorado,37.2086,-105.5667
Cheraw,Colorado,38.1079,-103.5111
Coal Creek,Colorado,38.3620,-105.1417
Lucerne,Colorado,40.4819,-104.6997
Portland,Colorado,38.0892,-107.6952
Cimarron Hills,Colorado,38.8589,-104.6995
Salt Creek,Colorado,38.2389,-104.5881
Williamsburg,Colorado,38.3840,-105.1712
Saint Ann Highlands,Colorado,39.9873,-105.4558
Saint Marys,Colorado,39.8163,-105.6480
Hayden,Colorado,40.4852,-107.2423
Hesperus,Colorado,37.2861,-108.0395
Bergen Park,Colorado,39.6914,-105.3617
Gill,Colorado,40.4541,-104.5422
Gleneagle,Colorado,39.0453,-104.8288
Timpas,Colorado,37.8181,-103.7741
Eckley,Colorado,40.1126,-102.4885
Greenwood,Colorado,38.2050,-105.0969
Kim,Colorado,37.2471,-103.3533
Ca__on City,Colorado,38.4430,-105.2201
Pinecliffe,Colorado,39.9319,-105.4283
Drake,Colorado,40.4319,-105.3403
Fenders,Colorado,39.5739,-105.2169
Idledale,Colorado,39.6688,-105.2432
Simla,Colorado,39.1410,-104.0818
Woody Creek,Colorado,39.2709,-106.8884
Sedgwick,Colorado,40.9352,-102.5257
Hoehne,Colorado,37.2815,-104.3890
Hotchkiss,Colorado,38.7991,-107.7136
Castle Rock,Colorado,39.3761,-104.8536
Salida,Colorado,38.5303,-105.9987
Ouray,Colorado,38.0274,-107.6736
Brookside,Colorado,38.4137,-105.1913
Poudre Park,Colorado,40.6861,-105.3047
Maybell,Colorado,40.5191,-108.0889
Colona,Colorado,38.3274,-107.7795
Fort Carson,Colorado,38.7403,-104.7836
Padroni,Colorado,40.7818,-103.1734
Trinchera,Colorado,37.0422,-104.0475
Pueblo,Colorado,38.2701,-104.6130
Colorado City,Colorado,37.9365,-104.8459
Sheridan,Colorado,39.6466,-105.0181
Brandon,Colorado,38.4464,-102.4412
Breckenridge,Colorado,39.4997,-106.0433
Bonanza,Colorado,38.2966,-106.1419
Conifer,Colorado,39.5211,-105.3053
Loghill Village,Colorado,38.1962,-107.7790
Meridian,Colorado,39.5388,-104.8475
Applewood,Colorado,39.7524,-105.1605
Cedarwood,Colorado,37.9417,-104.6175
Ordway,Colorado,38.2209,-103.7566
Peoria,Colorado,39.6649,-104.1456
Wiley,Colorado,38.1552,-102.7192
Louviers,Colorado,39.4799,-105.0033
Woodrow,Colorado,39.9883,-103.5916
Naturita,Colorado,38.2186,-108.5683
Silver Cliff,Colorado,38.1204,-105.4104
Monte Vista,Colorado,37.5788,-106.1503
Yampa,Colorado,40.1530,-106.9084
Fort Lupton,Colorado,40.0829,-104.7982
Fruita,Colorado,39.1540,-108.7285
Orchard,Colorado,40.3320,-104.1179
Aguilar,Colorado,37.4036,-104.6550
Weldona,Colorado,40.3484,-103.9694
Cascade,Colorado,38.8967,-104.9722
Pine Brook Hill,Colorado,40.0472,-105.3100
Deer Trail,Colorado,39.6152,-104.0431
Berkley,Colorado,39.8045,-105.0282
Longmont,Colorado,40.1691,-105.0995
Towner,Colorado,38.4705,-102.0804
Singleton,Colorado,39.4430,-105.6019
Sequndo,Colorado,40.0360,-105.3324
La Junta Gardens,Colorado,38.0014,-103.5549
Fort Collins,Colorado,40.5487,-105.0656
Oak Creek,Colorado,40.2739,-106.9571
Silt,Colorado,39.5478,-107.6537
Catherine,Colorado,39.4017,-107.1331
Commerce City,Colorado,39.8638,-104.8434
Inverness,Colorado,39.5792,-104.8623
Molina,Colorado,39.1891,-108.0604
Amherst,Colorado,40.6831,-102.1727
Redstone,Colorado,39.1838,-107.2408
Dove Valley,Colorado,39.5739,-104.8279
Wolcott,Colorado,39.7035,-106.6799
Altona,Colorado,40.1254,-105.2923
Boone,Colorado,38.2493,-104.2579
Midland,Colorado,38.8468,-105.1578
Haswell,Colorado,38.4525,-103.1649
Prospect Valley,Colorado,40.0736,-104.4150
Derby,Colorado,39.8401,-104.9172
Valdez,Colorado,37.1239,-104.6794
Toponas,Colorado,40.0603,-106.8081
Keystone,Colorado,39.5901,-105.9383
Sawpit,Colorado,37.9947,-108.0010
Carbondale,Colorado,39.3946,-107.2145
Boulder,Colorado,40.0274,-105.2514
Florissant,Colorado,38.9445,-105.2901
Paragon Estates,Colorado,39.9802,-105.1811
De Beque,Colorado,39.2879,-108.1952
Seven Hills,Colorado,40.0360,-105.3324
Kremmling,Colorado,40.0565,-106.3782
Como,Colorado,39.3161,-105.8928
Conejos,Colorado,37.0872,-106.0161
Olathe,Colorado,38.6084,-107.9830
Rollinsville,Colorado,39.9232,-105.5136
Englewood,Colorado,39.6469,-104.9942
Columbine,Colorado,40.8541,-106.9659
Villa Grove,Colorado,38.2486,-105.9492
Cherry Hills Village,Colorado,39.6375,-104.9481
McClave,Colorado,38.1375,-102.8505
Irondale,Colorado,39.8494,-104.8972
Antonito,Colorado,37.0766,-106.0102
Milliken,Colorado,40.3105,-104.8556
Green Mountain Falls,Colorado,38.9343,-105.0237
Golden,Colorado,39.7406,-105.2122
Rio Blanco,Colorado,39.7378,-107.9454
Greeley,Colorado,40.4150,-104.7697
Bennett,Colorado,39.7366,-104.4286
La Jara,Colorado,37.2735,-105.9598
Paonia,Colorado,38.8698,-107.5914
Keenesburg,Colorado,40.1081,-104.5078
Heeney,Colorado,39.8710,-106.3000
Florence,Colorado,38.3821,-105.1117
Parlin,Colorado,38.5028,-106.7284
Granada,Colorado,38.0630,-102.3118
Boncarbo,Colorado,37.2167,-104.6950
Cowdrey,Colorado,40.8597,-106.3131
Rye,Colorado,37.9213,-104.9323
Walsenburg,Colorado,37.6307,-104.7818
Central City,Colorado,39.7964,-105.5151
San Luis,Colorado,37.2024,-105.4225
Tall Timber,Colorado,40.0151,-105.3498
Granite,Colorado,39.0436,-106.2634
Fleming,Colorado,40.6818,-102.8395
Ellicott,Colorado,38.8256,-104.3829
Springfield,Colorado,37.4049,-102.6189
Stonegate,Colorado,39.5355,-104.8037
South Platte,Colorado,39.4075,-105.1714
Jansen,Colorado,37.1581,-104.5501
Swink,Colorado,38.0142,-103.6280
Mount Crested Butte,Colorado,38.9085,-106.9587
Sunshine,Colorado,40.0636,-105.3696
Olney Springs,Colorado,38.1663,-103.9445
Lay,Colorado,40.5266,-107.8820
Vigil,Colorado,37.1611,-104.9417
Arapahoe,Colorado,38.8500,-102.1821
Johnstown,Colorado,40.3491,-104.9490
Highlands Ranch,Colorado,39.5419,-104.9708
Northglenn,Colorado,39.9107,-104.9783
Hillrose,Colorado,40.3248,-103.5223
Maysville,Colorado,38.5305,-106.2157
Indian Hills,Colorado,39.6294,-105.2508
Matheson,Colorado,39.1717,-103.9755
Orchard Mesa,Colorado,39.0365,-108.5170
Monument,Colorado,39.0736,-104.8468
Eldora,Colorado,39.9536,-105.5780
Leyner,Colorado,40.0511,-105.1073
Cripple Creek,Colorado,38.7462,-105.1841
Marble,Colorado,39.0717,-107.1903
New Castle,Colorado,39.5785,-107.5262
Clifton,Colorado,39.0763,-108.4606
Doyleville,Colorado,38.4517,-106.6095
Gateway,Colorado,38.6825,-108.9751
Hygiene,Colorado,40.1886,-105.1808
Crescent,Colorado,39.9283,-105.3428
Cardiff,Colorado,39.5061,-107.3109
Empire,Colorado,39.7594,-105.6828
Wallstreet,Colorado,40.0389,-105.3908
Red Feather Lakes,Colorado,40.8071,-105.5864
Cokedale,Colorado,37.1444,-104.6217
Watkins,Colorado,39.6971,-104.5787
Picture Rocks,Arizona,32.3273,-111.2557
Continental,Arizona,31.8523,-110.9748
Scottsdale,Arizona,33.6872,-111.8650
Flagstaff,Arizona,35.1867,-111.6175
Nogales,Arizona,31.3624,-110.9336
Laveen,Arizona,33.3628,-112.1693
Valle,Arizona,35.6245,-112.1350
Ak-Chin Village,Arizona,33.0197,-112.0808
Hotevilla-Bacavi,Arizona,35.9225,-110.6569
Parker,Arizona,34.0286,-114.2224
Tuba City,Arizona,36.1250,-111.2467
Cortaro,Arizona,32.3562,-111.0884
Tolleson,Arizona,33.4484,-112.2561
Chandler Heights,Arizona,33.2120,-111.6862
Rillito,Arizona,32.4157,-111.1549
Hereford,Arizona,31.4384,-110.0979
Wittmann,Arizona,33.7750,-112.5251
Kinter,Arizona,32.7573,-114.3980
Gila Bend,Arizona,32.9662,-112.7155
Oro Valley,Arizona,32.4226,-110.9767
Saint Johns,Arizona,34.5018,-109.3784
Blackwater,Arizona,33.0394,-111.5798
Cactus Forest,Arizona,32.9578,-111.3170
Pirtleville,Arizona,31.3613,-109.5661
Greasewood,Arizona,35.5279,-109.8614
Second Mesa,Arizona,35.8222,-110.4884
Fort Defiance,Arizona,35.7469,-109.0685
Antares,Arizona,35.4229,-113.8083
Rio Rico,Arizona,31.4957,-110.9886
Sevenmile,Arizona,33.7882,-109.9576
Cienega Springs,Arizona,34.2009,-114.2089
Greer,Arizona,34.0052,-109.4611
Oatman,Arizona,35.0272,-114.3841
Salome,Arizona,33.7778,-113.6061
Verde Village,Arizona,34.7120,-111.9940
Berry,Arizona,35.2528,-113.9719
Star Valley,Arizona,34.2611,-111.2197
Pima,Arizona,32.8876,-109.8409
Chuichu,Arizona,32.7403,-111.7821
Tolani Lake,Arizona,35.4310,-110.8430
Black Canyon City,Arizona,34.0709,-112.1220
Quartzsite,Arizona,33.6675,-114.2170
Beaver Dam,Arizona,36.9071,-113.9363
Fort Thomas,Arizona,33.0222,-109.9665
Arizona Village,Arizona,34.8548,-114.5893
Green Valley,Arizona,31.8437,-111.0172
El Mirage,Arizona,33.5906,-112.3271
Wenden,Arizona,33.8324,-113.5433
Saint Michaels,Arizona,35.6606,-109.0962
Tonopah,Arizona,33.4880,-112.9308
Guadalupe,Arizona,33.3665,-111.9633
Gisela,Arizona,34.1015,-111.2895
Paulden,Arizona,34.8899,-112.4938
Manila,Arizona,34.9650,-110.4135
Cornfields,Arizona,35.6514,-109.6758
Fort Apache,Arizona,33.7907,-109.9873
San Manuel,Arizona,32.6091,-110.6415
Sanders,Arizona,35.2095,-109.3224
Kelvin,Arizona,33.1115,-110.9734
White Hills,Arizona,35.7242,-114.4004
Wilhoit,Arizona,34.4082,-112.6156
Whetstone,Arizona,31.7011,-110.3399
Queen Creek,Arizona,33.2392,-111.6397
Vernon,Arizona,34.2508,-109.6926
Sun Lakes,Arizona,33.2172,-111.8695
Katherine,Arizona,35.2206,-114.5616
Gleeson,Arizona,31.7340,-109.8298
Lake Montezuma,Arizona,34.6415,-111.7958
La Palma,Arizona,32.8792,-111.5151
Claypool,Arizona,33.4060,-110.8421
York,Arizona,32.9175,-109.1960
Red Rock,Arizona,32.5610,-111.3745
Willow Valley,Arizona,34.9296,-114.6159
Fredonia,Arizona,36.9633,-112.5200
Rough Rock,Arizona,36.4106,-109.8691
Bacavi,Arizona,35.9236,-110.6574
Pinetop-Lakeside,Arizona,34.1486,-109.9656
Buckeye,Arizona,33.4318,-112.6430
Top-of-the-World,Arizona,33.3477,-110.9997
Sells,Arizona,31.9202,-111.8775
Seligman,Arizona,35.3256,-112.8573
Show Low,Arizona,34.2677,-110.0387
Leupp,Arizona,35.2966,-111.0027
Coolidge,Arizona,32.9595,-111.5285
Harcuvar,Arizona,33.7600,-113.6533
San Simon,Arizona,32.2679,-109.2308
Bitter Springs,Arizona,36.6118,-111.6475
Nutrioso,Arizona,33.9514,-109.2058
Yucca,Arizona,34.8630,-114.1461
Sun City West,Arizona,33.6694,-112.3575
Sawmill,Arizona,35.8924,-109.1538
Williamson,Arizona,34.7082,-112.5342
Bear Flat,Arizona,34.2925,-111.0674
Dragoon,Arizona,32.0263,-110.0365
Lake of the Woods,Arizona,34.1547,-109.9936
Hope,Arizona,33.7231,-113.7024
Tonto Village,Arizona,34.3198,-111.1394
Why,Arizona,32.2590,-112.7307
First Mesa,Arizona,35.8389,-110.3665
Pinal,Arizona,33.3799,-110.7575
Concho,Arizona,34.4744,-109.6102
Tubac,Arizona,31.6110,-111.0586
Dudleyville,Arizona,32.9127,-110.7345
Truxton,Arizona,35.4870,-113.5608
Tombstone,Arizona,31.7189,-110.0637
Mescal,Arizona,31.9674,-110.4367
White Mountain Lake,Arizona,34.3441,-109.9878
Komatke,Arizona,33.2953,-112.1615
Stanfield,Arizona,32.8793,-111.9636
Phoenix,Arizona,33.5722,-112.0891
Jakes Corner,Arizona,34.0083,-111.3202
Many Farms,Arizona,36.3532,-109.6271
Teec Nos Pos,Arizona,36.9221,-109.0753
Queen Valley,Arizona,33.2830,-111.3049
San Miguel,Arizona,31.6295,-111.7801
Bowie,Arizona,32.3247,-109.4843
Arlington,Arizona,33.3346,-112.7747
Lupton,Arizona,35.3548,-109.0528
Summerhaven,Arizona,32.4416,-110.7766
Mountainaire,Arizona,35.0920,-111.6493
Rio Verde,Arizona,33.7266,-111.6761
Dos Cabezas,Arizona,32.1754,-109.6134
Kearny,Arizona,33.0561,-110.9076
Harris,Arizona,35.1369,-114.0838
Marana,Arizona,32.4355,-111.1558
Tucson Estates,Arizona,32.1792,-111.1254
Peridot,Arizona,33.3016,-110.4554
Wikieup,Arizona,34.6931,-113.5995
Miami,Arizona,33.3951,-110.8722
Aztec,Arizona,32.8082,-113.4427
Gold Canyon,Arizona,33.3715,-111.4369
Keams Canyon,Arizona,35.8229,-110.2011
Arizona City,Arizona,32.7506,-111.6708
Picacho,Arizona,32.7091,-111.4910
Kaibito,Arizona,36.5920,-111.1071
Canyon Day,Arizona,33.7826,-110.0328
Florence Junction,Arizona,33.2595,-111.3371
Holbrook,Arizona,34.9044,-110.1672
Haivana Nakya,Arizona,32.0051,-111.7124
Vail,Arizona,32.0217,-110.6937
McNeal,Arizona,31.6079,-109.6699
Morenci,Arizona,33.0531,-109.3307
Gila Crossing,Arizona,33.2730,-112.1627
Catalina Foothills,Arizona,32.3041,-110.8835
Copper Hill,Arizona,33.4379,-110.7516
Superior,Arizona,33.2852,-111.1103
Maricopa,Arizona,33.0447,-112.0164
Duncan,Arizona,32.7344,-109.0972
Tonto Basin,Arizona,33.8361,-111.3003
Overgaard,Arizona,34.3909,-110.5532
Dateland,Arizona,32.8209,-113.5418
Kaibab,Arizona,36.8815,-112.7236
Chloride,Arizona,35.4096,-114.1973
Sedona,Arizona,34.8574,-111.7951
Vaiva Vo,Arizona,32.7167,-111.9270
Palo Verde,Arizona,33.3481,-112.6774
Utting,Arizona,33.8544,-113.9128
Ali Chukson,Arizona,31.9115,-111.8016
McNary,Arizona,34.0924,-109.8541
Kachina Village,Arizona,35.0949,-111.6926
Ehrenberg,Arizona,33.6175,-114.4883
LeChee,Arizona,36.8710,-111.4328
Avondale,Arizona,33.3858,-112.3236
Alpine,Arizona,33.8461,-109.1432
Bylas,Arizona,33.1282,-110.1154
Kino Springs,Arizona,31.3641,-110.8096
Bryce,Arizona,32.9258,-109.8230
Peeples Valley,Arizona,34.2773,-112.7654
Littlefield,Arizona,36.8663,-113.9358
Tucson,Arizona,32.1558,-110.8777
Gu Oidak,Arizona,31.9206,-112.0235
Arivaca Junction,Arizona,31.7390,-111.0738
Polacca,Arizona,35.8367,-110.3815
Eloy,Arizona,32.7464,-111.5994
Wickenburg,Arizona,33.9823,-112.7667
Aguila,Arizona,33.9376,-113.1665
Palominas,Arizona,31.3837,-110.1211
Blaisdell,Arizona,32.7125,-114.4266
Crozier,Arizona,35.4227,-113.6486
Curtiss,Arizona,31.8845,-110.2298
Gilbert,Arizona,33.3103,-111.7463
Window Rock,Arizona,35.6705,-109.0639
San Carlos,Arizona,33.3500,-110.4654
Tees Toh,Arizona,35.4849,-110.3989
Prescott Valley,Arizona,34.5983,-112.3178
Congress,Arizona,34.1526,-112.8642
Shonto,Arizona,36.5893,-110.6607
Swift Trail Junction,Arizona,32.7305,-109.7147
Wintersburg,Arizona,33.4187,-112.8666
Mesa,Arizona,33.4016,-111.7180
Penzance,Arizona,34.9053,-110.2548
Roosevelt,Arizona,33.6618,-111.1253
Summit,Arizona,32.0656,-110.9486
Houck,Arizona,35.2714,-109.2236
Oracle,Arizona,32.6092,-110.7818
Flowing Springs,Arizona,34.3131,-111.3379
Catalina,Arizona,32.4849,-110.8996
Cave Creek,Arizona,33.8513,-111.9801
Bouse,Arizona,33.8984,-113.9962
Hillside,Arizona,34.4184,-112.9171
Tacna,Arizona,32.7004,-113.9618
Dilkon,Arizona,35.3606,-110.3155
Lukachukai,Arizona,36.4112,-109.2267
Spring Valley,Arizona,34.3531,-112.1514
North Komelik,Arizona,32.5078,-111.9465
Littletown,Arizona,32.1305,-110.8728
Peach Springs,Arizona,35.5315,-113.4319
Douglas,Arizona,31.3602,-109.5394
Three Points,Arizona,32.0596,-111.2866
Ajo,Arizona,32.3923,-112.8839
Huachuca City,Arizona,31.6308,-110.3422
Safford,Arizona,32.8318,-109.7006
Comobabi,Arizona,32.0539,-111.8029
Parker Strip,Arizona,34.2803,-114.1269
Apache Junction,Arizona,33.3982,-111.5349
Pinedale,Arizona,34.3208,-110.2599
Supai,Arizona,36.2299,-112.6926
Tat Momoli,Arizona,32.6013,-111.8862
Olberg,Arizona,33.0923,-111.6862
Sonoita,Arizona,31.6645,-110.6427
Geronimo,Arizona,33.0770,-110.0351
Kirkland Junction,Arizona,34.3692,-112.6652
Marble Canyon,Arizona,36.8155,-111.6377
Strawberry,Arizona,34.4018,-111.5002
Prescott,Arizona,34.5799,-112.4476
Bumble Bee,Arizona,34.2009,-112.1529
Sehili,Arizona,36.2807,-109.1814
Bisbee,Arizona,31.4126,-109.9179
Growler,Arizona,32.8156,-113.7991
Sun City,Arizona,33.6165,-112.2819
Cottonwood,Arizona,34.7194,-112.0014
Whiteriver,Arizona,33.8358,-109.9616
Yarnell,Arizona,34.2283,-112.7631
Sierra Vista,Arizona,31.5631,-110.3153
Shongopovi,Arizona,35.8195,-110.5331
Anthem,Arizona,33.8559,-112.1171
Bullhead City,Arizona,35.1205,-114.5460
Sacaton,Arizona,33.0793,-111.7683
Morristown,Arizona,33.8549,-112.6138
Roll,Arizona,32.7517,-113.9891
Kirkland,Arizona,34.4175,-112.7121
Cibecue,Arizona,34.0333,-110.4854
Ventana,Arizona,32.4681,-112.2434
Flores,Arizona,34.0625,-112.8216
Joseph City,Arizona,34.9614,-110.3274
Golden Valley,Arizona,35.2060,-114.2327
Grand Canyon,Arizona,36.0544,-112.1393
Tonalea,Arizona,36.3218,-110.9667
Cane Beds,Arizona,36.9341,-112.9118
Fortuna Foothills,Arizona,32.6616,-114.3975
Mohave Valley,Arizona,34.9008,-114.5732
Pearce,Arizona,31.9051,-109.8206
Casa Grande,Arizona,32.9070,-111.7623
Desert Hills,Arizona,34.5506,-114.3754
Jerome,Arizona,34.7466,-112.1072
Cashion,Arizona,33.4353,-112.2979
Mesa del Caballo,Arizona,34.2860,-111.2952
Winslow,Arizona,35.0253,-110.7098
Cordes Lakes,Arizona,34.3103,-112.1073
Snowflake,Arizona,34.5223,-110.0914
Linden,Arizona,34.2625,-110.1424
Casa Blanca,Arizona,33.1154,-111.9080
Hyder,Arizona,33.0164,-113.3488
Gadsden,Arizona,32.5564,-114.7810
Tanque Verde,Arizona,32.2684,-110.7442
Heber,Arizona,34.4314,-110.5940
Meadview,Arizona,35.9532,-114.0789
Cornville,Arizona,34.7389,-111.9086
Yuma,Arizona,32.5990,-114.5489
Central,Arizona,32.8681,-109.7914
Drexel Heights,Arizona,32.1457,-111.0478
Corona de Tucson,Arizona,31.9495,-110.7836
Round Rock,Arizona,36.5044,-109.4616
Carrizo,Arizona,33.9867,-110.3314
Oxbow Estates,Arizona,34.1824,-111.3430
Oak Springs,Arizona,35.4759,-109.1319
Central Heights,Arizona,33.4126,-110.8148
Toltec,Arizona,32.7923,-111.6148
Sahuarita,Arizona,31.9328,-110.9654
Hotevilla,Arizona,35.9278,-110.6729
Toyei,Arizona,35.7044,-109.9370
Pimaco Two,Arizona,31.9666,-110.4663
Vicksburg,Arizona,33.7293,-113.8254
Somerton,Arizona,32.6009,-114.6990
Mormon Lake,Arizona,34.9084,-111.4632
Bagdad,Arizona,34.5771,-113.1771
Chino Valley,Arizona,34.7593,-112.4107
Campo Bonito,Arizona,32.5629,-110.6984
Winona,Arizona,35.2050,-111.4082
Cochise,Arizona,32.1137,-109.9217
Glenbar,Arizona,32.9167,-109.8581
Rock Point,Arizona,36.7173,-109.6287
Benson,Arizona,31.9157,-110.3257
Willow Canyon,Arizona,32.3882,-110.7009
Tumacacori,Arizona,31.5687,-111.0523
Chilchinbito,Arizona,36.5027,-110.0512
Beardsley,Arizona,33.6614,-112.3791
Elgin,Arizona,31.6680,-110.5349
Miracle Valley,Arizona,31.3829,-110.1485
Quijotoa,Arizona,32.1273,-112.1382
Ganado,Arizona,35.7016,-109.5504
Naco,Arizona,31.3430,-109.9336
Saint David,Arizona,31.8992,-110.2251
Citrus Park,Arizona,33.5304,-112.4440
Chiawuli Tak,Arizona,31.9410,-111.7765
Springerville,Arizona,34.1560,-109.2989
Ak Chin,Arizona,32.2872,-112.0091
Sunizona,Arizona,31.8841,-109.6329
Ali Molina,Arizona,31.9025,-111.7805
Tusayan,Arizona,35.9550,-112.1202
Oracle Junction,Arizona,32.5551,-110.9334
Ko Vaya,Arizona,32.0815,-111.8959
Mesquite Creek,Arizona,34.9606,-114.5714
Chandler,Arizona,33.2828,-111.8517
South Komelik,Arizona,31.7144,-111.7744
Youngtown,Arizona,33.5846,-112.3048
Kaka,Arizona,32.5114,-112.3169
Nolic,Arizona,32.0341,-111.9550
Willcox,Arizona,32.2514,-109.8359
Woodruff,Arizona,34.7843,-110.0366
Schuchk,Arizona,32.1212,-111.6832
Wide Ruins,Arizona,35.4175,-109.4994
Williams,Arizona,35.2476,-112.1833
Moenkopi,Arizona,36.1124,-111.2212
Fountain Hills,Arizona,33.6072,-111.7398
Amado,Arizona,31.6968,-111.0583
Whispering Pines,Arizona,34.3728,-111.2813
Kayenta,Arizona,36.7144,-110.2589
Low Mountain,Arizona,35.9481,-110.0981
Mammoth,Arizona,32.7235,-110.6445
Quivero,Arizona,35.5325,-112.1907
Glendale,Arizona,33.5797,-112.2246
Carmen,Arizona,31.5873,-111.0529
Clay Springs,Arizona,34.3592,-110.3043
San Tan Valley,Arizona,33.1879,-111.5473
Chinle,Arizona,36.1504,-109.5794
Munds Park,Arizona,34.9382,-111.6318
Wellton,Arizona,32.6400,-114.2140
Randolph,Arizona,32.9170,-111.5148
Sasabe,Arizona,31.4887,-111.5421
Red Lake,Arizona,36.3225,-110.9493
Klagetoh,Arizona,35.5010,-109.5283
Eagar,Arizona,34.1058,-109.2956
Sheldon,Arizona,32.8148,-109.1723
Pine,Arizona,34.3788,-111.4574
Kykotsmovi Village,Arizona,35.8576,-110.6338
Hayden,Arizona,32.9995,-110.7814
Lukeville,Arizona,31.8826,-112.8157
Santa Rosa,Arizona,32.3326,-112.0464
Surprise,Arizona,33.6802,-112.4525
Higley,Arizona,33.3073,-111.7210
South Tucson,Arizona,32.1955,-110.9691
Dome,Arizona,32.7553,-114.3622
Dewey-Humboldt,Arizona,34.5174,-112.2498
Ali Chuk,Arizona,31.8169,-112.5585
Double Adobe,Arizona,31.4668,-109.6901
Elfrida,Arizona,31.6858,-109.6896
Casas Adobes,Arizona,32.3423,-111.0112
Solomon,Arizona,32.8138,-109.6290
Nelson,Arizona,32.4298,-111.2649
Dennehotso,Arizona,36.8208,-109.8791
Avra Valley,Arizona,32.4195,-111.3393
Brenda,Arizona,33.6721,-113.9379
Litchfield Park,Arizona,33.5024,-112.3586
Globe,Arizona,33.3869,-110.7515
Pinon,Arizona,36.0992,-110.2209
Clarkdale,Arizona,34.7501,-112.0549
Lake Havasu City,Arizona,34.5006,-114.3115
Colorado City,Arizona,36.9774,-112.9830
Bluewater,Arizona,34.1681,-114.2667
Charco,Arizona,32.2474,-112.6000
Goodyear,Arizona,33.2613,-112.3622
Cedar Creek,Arizona,33.9030,-110.1929
Beyerville,Arizona,31.3921,-110.8748
Peoria,Arizona,33.7844,-112.2989
Oraibi,Arizona,35.8764,-110.6404
Nazlini,Arizona,35.9155,-109.4726
Burnside,Arizona,35.7534,-109.6247
Washington Park,Arizona,34.3978,-111.2731
Moccasin,Arizona,36.9099,-112.7546
Freedom Acres,Arizona,34.3199,-111.3051
San Jose,Arizona,32.8169,-109.5957
Topock,Arizona,34.7206,-114.4780
Camp Verde,Arizona,34.5699,-111.8573
Bon,Arizona,32.9714,-111.9085
Taylor,Arizona,34.4393,-110.1018
Sun Valley,Arizona,34.9834,-110.0374
Valentine,Arizona,35.3886,-113.6591
New River,Arizona,33.8835,-112.0858
Del Muerto,Arizona,36.1870,-109.4348
Cameron,Arizona,35.8537,-111.4269
Kingman,Arizona,35.2168,-114.0167
Salina,Arizona,36.0222,-109.8673
Topawa,Arizona,31.8078,-111.8305
North Rim,Arizona,36.2105,-112.0613
Young,Arizona,34.1189,-110.9559
Indian Wells,Arizona,35.4089,-110.1061
Flowing Wells,Arizona,32.2933,-111.0097
Cibola,Arizona,33.3733,-114.6792
Pisinemo,Arizona,32.0350,-112.3193
Winkelman,Arizona,32.9848,-110.7651
Kohatk,Arizona,32.5782,-112.0032
East Fork,Arizona,33.8081,-109.9228
Santa Cruz,Arizona,33.2326,-112.1593
Portal,Arizona,31.9137,-109.1414
Jeddito,Arizona,35.7697,-110.1305
McConnico,Arizona,35.1636,-114.0898
Steamboat,Arizona,35.7535,-109.8504
Artesia,Arizona,32.6981,-109.7076
White Cone,Arizona,35.6037,-110.0791
Anegam,Arizona,32.3742,-112.0350
Franklin,Arizona,32.6771,-109.0721
Poston,Arizona,33.9921,-114.4046
Seba Dalkai,Arizona,35.4816,-110.4562
Theba,Arizona,32.9182,-112.8899
Davis Dam,Arizona,35.1800,-114.5664
Cowlic,Arizona,31.8048,-111.9876
Arivaca,Arizona,31.5750,-111.2926
Thatcher,Arizona,32.8317,-109.7594
Hackberry,Arizona,35.3401,-113.7256
Wahak Hotrontk,Arizona,32.1748,-112.3663
Florence,Arizona,33.0631,-111.4272
Maish Vaya,Arizona,32.1703,-112.1342
Forest Lakes Estates,Arizona,34.3389,-110.7998
Rye,Arizona,34.0979,-111.3542
Parks,Arizona,35.2948,-111.9754
San Luis,Arizona,32.4922,-114.7105
Mayer,Arizona,34.4233,-112.2408
Cutter,Arizona,33.3584,-110.6594
Skull Valley,Arizona,34.5053,-112.6855
Tempe,Arizona,33.3881,-111.9318
La Paz Valley,Arizona,33.5578,-114.2434
Carefree,Arizona,33.8234,-111.9162
Patagonia,Arizona,31.5436,-110.7477
Kohls Ranch,Arizona,34.3210,-111.0838
Dolan Springs,Arizona,35.5905,-114.2852
Red Mesa,Arizona,36.9664,-109.3828
Winslow West,Arizona,34.9923,-110.7069
Paradise Valley,Arizona,33.5435,-111.9595
Payson,Arizona,34.2432,-111.3195
Mojave Ranch Estates,Arizona,34.9449,-114.5907
Nicksville,Arizona,31.4384,-110.2490
Page,Arizona,36.9425,-111.5071
Christopher Creek,Arizona,34.3206,-111.0071
Ash Fork,Arizona,35.2172,-112.4913
Midland City,Arizona,33.4120,-110.8243
Clifton,Arizona,33.0249,-109.2883
Cactus Flat,Arizona,32.7642,-109.7205
Stansbury park,Utah,40.6356,-112.3054
South Ogden,Utah,41.1715,-111.9568
Hildale,Utah,37.0171,-112.9786
Central Valley,Utah,38.6991,-112.0966
Columbia,Utah,39.5169,-110.3827
Minersville,Utah,38.2333,-112.9603
Fremont,Utah,38.4555,-111.6149
Harrisville,Utah,41.2854,-111.9860
North Salt Lake,Utah,40.8439,-111.9188
Spanish Fork,Utah,40.1100,-111.6407
Oak City,Utah,39.3769,-112.3399
Orem,Utah,40.2988,-111.6990
Penrose,Utah,41.6508,-112.3016
West Valley City,Utah,40.6889,-112.0115
Goshen,Utah,39.9510,-111.9008
Caineville,Utah,38.3330,-111.0188
Enoch,Utah,37.7665,-113.0431
Spanish Valley,Utah,38.4743,-109.4210
Bothwell,Utah,41.7171,-112.2588
Paradise,Utah,41.5678,-111.8330
Teasdale,Utah,38.2852,-111.4725
Tropic,Utah,37.6293,-112.0914
Bridgeland,Utah,40.1630,-110.2343
LaVerkin,Utah,37.2309,-113.2523
Cedar Hills,Utah,40.4135,-111.7530
Clear Creek,Utah,39.6434,-111.1548
Magna,Utah,40.7094,-112.0828
Hooper,Utah,41.1598,-112.2870
Francis,Utah,40.6105,-111.2744
Sugarville,Utah,39.4652,-112.6494
Bluffdale,Utah,40.4743,-111.9383
Kanarraville,Utah,37.5378,-113.1810
Bountiful,Utah,40.8722,-111.8647
Mexican Hat,Utah,37.1731,-109.8731
Big Water,Utah,37.0729,-111.6608
Greenwich,Utah,38.4311,-111.9230
Emory,Utah,41.0488,-111.3044
Mount Pleasant,Utah,39.5406,-111.4560
Saratoga Springs,Utah,40.3421,-111.9134
Richmond,Utah,41.9231,-111.8074
Providence,Utah,41.7030,-111.8122
Laketown,Utah,41.8275,-111.3243
Manila,Utah,40.9922,-109.7210
Wales,Utah,39.4851,-111.6360
Clawson,Utah,39.1390,-111.0935
Vernon,Utah,40.0956,-112.4458
Hyrum,Utah,41.6317,-111.8439
West Bountiful,Utah,40.8983,-111.9080
New Harmony,Utah,37.4803,-113.3097
Cedar Fort,Utah,40.3413,-112.1090
Wallsburg,Utah,40.3874,-111.4206
La Sal,Utah,38.3025,-109.2646
Hinckley,Utah,39.3336,-112.6736
Pine Valley,Utah,37.3904,-113.5061
Snyderville,Utah,40.7042,-111.5438
Lund,Utah,38.0075,-113.4316
Centerville,Utah,40.9284,-111.8848
Marysvale,Utah,38.4384,-112.2545
Hurricane,Utah,37.1497,-113.3526
West Jordan,Utah,40.6024,-112.0008
North Ogden,Utah,41.3124,-111.9586
Ivins,Utah,37.1742,-113.6809
Tooele,Utah,40.5394,-112.3082
Interlaken,Utah,40.5417,-111.4730
Oasis,Utah,39.2923,-112.6290
Holladay,Utah,40.6599,-111.8226
Toquerville,Utah,37.2515,-113.2962
Riverton,Utah,40.5176,-111.9635
Emery,Utah,38.9251,-111.2522
Peoa,Utah,40.7257,-111.3380
Vernal,Utah,40.4517,-109.5379
Erda,Utah,40.6028,-112.3214
Wendover,Utah,40.7240,-114.0250
Logan,Utah,41.7403,-111.8418
Midvale,Utah,40.6148,-111.8928
Pintura,Utah,37.3408,-113.2741
Kenilworth,Utah,39.6803,-110.8145
Monroe,Utah,38.6229,-112.1198
Rush Valley,Utah,40.3613,-112.4506
Sigurd,Utah,38.8509,-111.9673
Lyman,Utah,38.3966,-111.5894
Apple Valley,Utah,37.0810,-113.1034
Scofield,Utah,39.7198,-111.1623
Bennion,Utah,40.6386,-111.9388
Smithfield,Utah,41.8345,-111.8268
American Fork,Utah,40.3815,-111.7935
Benjamin,Utah,40.0945,-111.7388
Spring Glen,Utah,39.6561,-110.8461
Kearns,Utah,40.6520,-112.0093
Westwater,Utah,39.0783,-109.1123
Monticello,Utah,37.8684,-109.3384
Cove,Utah,41.9683,-111.7793
Avon,Utah,41.5355,-111.8125
Bluebell,Utah,40.3576,-110.2232
Grantsville,Utah,40.6148,-112.4777
Eureka,Utah,39.9588,-112.1149
Green River,Utah,38.9813,-110.0913
Montezuma Creek,Utah,37.2563,-109.3030
Fairfield,Utah,40.2462,-112.0843
Spring City,Utah,39.4799,-111.4918
Newton,Utah,41.8612,-111.9906
Brian Head,Utah,37.6977,-112.8416
Thompson Springs,Utah,38.9636,-109.7037
Fruitland,Utah,40.2127,-110.8396
Sunnyside,Utah,39.5514,-110.3879
Talmage,Utah,40.3400,-110.4274
Willard,Utah,41.4146,-112.0446
Liberty,Utah,41.3426,-111.8649
Hyde Park,Utah,41.8008,-111.8118
Joseph,Utah,38.6247,-112.2199
Hatch,Utah,37.6494,-112.4345
Halchita,Utah,37.1314,-109.9131
Scipio,Utah,39.2491,-112.1044
Elk Ridge,Utah,40.0099,-111.6775
Junction,Utah,38.2357,-112.2238
Manti,Utah,39.2670,-111.6375
Salt Lake City,Utah,40.7774,-111.9301
Alpine,Utah,40.4621,-111.7728
Corinne,Utah,41.5497,-112.1227
Glenwood,Utah,38.7625,-111.9881
Callao,Utah,39.8977,-113.7086
Fielding,Utah,41.8126,-112.1170
Fountain Green,Utah,39.6281,-111.6413
Clinton,Utah,41.1395,-112.0656
Helper,Utah,39.6898,-110.8596
Orangeville,Utah,39.2309,-111.0592
Layton,Utah,41.0773,-111.9618
Huntington,Utah,39.3301,-110.9628
Howell,Utah,41.7733,-112.4450
Summit Park,Utah,40.7432,-111.5814
Glendale,Utah,37.3342,-112.6035
Fayette,Utah,39.2248,-111.8542
Springville,Utah,40.1638,-111.6206
Delta,Utah,39.3539,-112.5726
Wolf Creek,Utah,41.3253,-111.8288
Maeser,Utah,40.4719,-109.5786
Myton,Utah,40.1933,-110.0625
Rockville,Utah,37.1478,-113.0548
Ophir,Utah,40.3695,-112.2552
Bryce Canyon City,Utah,37.6814,-112.1588
Roosevelt,Utah,40.2932,-110.0037
Summit,Utah,37.8013,-112.9350
Sunset,Utah,41.1392,-112.0285
Escalante,Utah,37.7646,-111.6017
Enterprise,Utah,37.5716,-113.7431
Charleston,Utah,40.4661,-111.4600
West Haven,Utah,41.2082,-112.0538
Sutherland,Utah,39.3895,-112.6400
Uintah,Utah,41.1427,-111.9333
Kamas,Utah,40.6499,-111.2723
Farmington,Utah,40.9846,-111.9065
Mendon,Utah,41.7101,-111.9778
Ephraim,Utah,39.3577,-111.5819
Naples,Utah,40.4318,-109.4913
Alton,Utah,37.4303,-112.5062
Price,Utah,39.6040,-110.8004
White City,Utah,40.5666,-111.8636
Sandy City,Utah,40.5916,-111.8841
Kanosh,Utah,38.8024,-112.4378
Ogden,Utah,41.2281,-111.9677
Abraham,Utah,39.3966,-112.7180
Trenton,Utah,41.9116,-111.9356
Val Verda,Utah,40.8555,-111.8930
Saint George,Utah,37.0769,-113.5771
Kingston,Utah,38.2067,-112.1793
Castle Dale,Utah,39.2218,-111.0230
Wellsville,Utah,41.6223,-111.9430
Cottonwood,Utah,40.6583,-111.8341
Lapoint,Utah,40.4038,-109.7935
Clearfield,Utah,41.1030,-112.0237
Millcreek,Utah,40.6892,-111.8290
Parowan,Utah,37.8326,-112.8296
Union,Utah,40.6205,-111.8722
Sevier,Utah,38.5864,-112.2583
Hoytsville,Utah,40.8754,-111.3846
Panguitch,Utah,37.8248,-112.4364
Gunnison,Utah,39.1570,-111.8135
Independence,Utah,40.4108,-111.2958
Cornish,Utah,41.9717,-111.9565
Highland,Utah,40.4274,-111.7956
Redmond,Utah,39.0058,-111.8671
Washington Terrace,Utah,41.1683,-111.9783
Deweyville,Utah,41.6930,-112.0883
Ibapah,Utah,40.0366,-113.9853
Millville,Utah,41.6856,-111.8217
Kaysville,Utah,41.0290,-111.9455
Midway,Utah,40.5180,-111.4754
Beryl Junction,Utah,37.7009,-113.6535
Eagle Mountain,Utah,40.3137,-112.0114
Cottonwood Heights,Utah,40.6137,-111.8144
Washington,Utah,37.1325,-113.4894
Marion,Utah,40.6813,-111.2828
Leamington,Utah,39.5313,-112.2855
Indianola,Utah,39.8030,-111.4888
Moab,Utah,38.5700,-109.5476
Vineyard,Utah,40.3058,-111.7545
Henefer,Utah,41.0138,-111.4933
Lake Shore,Utah,40.1322,-111.7483
Nibley,Utah,41.6726,-111.8455
River Heights,Utah,41.7219,-111.8195
Taylorsville,Utah,40.6570,-111.9493
Jensen,Utah,40.3695,-109.3556
Aurora,Utah,38.9201,-111.9340
Lehi,Utah,40.4140,-111.8729
Cedar City,Utah,37.6834,-113.0957
Leeds,Utah,37.2373,-113.3471
Dammeron Valley,Utah,37.3042,-113.6658
Brigham City,Utah,41.5034,-112.0454
Paragonah,Utah,37.8853,-112.7707
Bear River City,Utah,41.6124,-112.1250
Sterling,Utah,39.1934,-111.6904
Dutch John,Utah,40.9299,-109.3860
Central,Utah,37.4149,-113.6263
Circleville,Utah,38.1684,-112.2716
Whiterocks,Utah,40.4721,-109.9412
Mount Carmel,Utah,37.2472,-112.6644
Meadow,Utah,38.8863,-112.4073
Beaver,Utah,38.2759,-112.6383
Pleasant View,Utah,41.3249,-112.0010
Loa,Utah,38.4038,-111.6451
Santa Clara,Utah,37.1312,-113.6561
Ouray,Utah,40.0891,-109.6774
Angle,Utah,38.2492,-111.9766
Riverside,Utah,41.8106,-112.1402
Axtell,Utah,39.0552,-111.8219
White Mesa,Utah,37.4596,-109.4600
Fort Duchesne,Utah,40.2811,-109.8770
Portage,Utah,41.9757,-112.2405
Benson,Utah,41.7488,-111.9169
Ballard,Utah,40.2949,-109.9493
Santaquin,Utah,39.9713,-111.7936
Levan,Utah,39.5561,-111.8607
Hamiltons Fort,Utah,37.6194,-113.1508
Fillmore,Utah,38.9641,-112.3389
Tselakai Dezza,Utah,37.2100,-109.6090
Salem,Utah,40.0540,-111.6722
Park City,Utah,40.6459,-111.5038
Cleveland,Utah,39.3494,-110.8555
Palmyra,Utah,40.1469,-111.6974
Oakley,Utah,40.7259,-111.2770
Wanship,Utah,40.8168,-111.4151
Castle Valley,Utah,38.6325,-109.3966
Garden,Utah,41.8866,-111.4327
Halls Crossing,Utah,37.4578,-110.6829
Huntsville,Utah,41.2600,-111.7744
Rocky Ridge,Utah,39.9197,-111.8258
Woodruff,Utah,41.5214,-111.1631
Blanding,Utah,37.6213,-109.5073
Fairview,Utah,39.6302,-111.4368
Bluff,Utah,37.2913,-109.5700
Garden City,Utah,41.9371,-111.4122
Samak,Utah,40.6318,-111.2244
Mapleton,Utah,40.1191,-111.5730
Centerfield,Utah,39.1275,-111.8189
Mountain Home,Utah,40.3991,-110.3885
Grover,Utah,38.2280,-111.3499
Boulder Town,Utah,37.9228,-111.4318
Upalco,Utah,40.2780,-110.2182
Navajo Mountain,Utah,37.0470,-110.7900
Henrieville,Utah,37.5638,-112.0020
Garrison,Utah,38.9344,-114.0330
Hanksville,Utah,38.3724,-110.7138
Clarkston,Utah,41.9204,-112.0503
Heber City,Utah,40.5069,-111.4132
Dugway,Utah,40.2307,-112.7541
Marriott-Slaterville,Utah,41.2625,-112.0369
Randolph,Utah,41.6641,-111.1849
Woodland,Utah,40.5838,-111.2356
Provo,Utah,40.2458,-111.6457
Daniel,Utah,40.4668,-111.4097
Hideout,Utah,40.6430,-111.4007
Saint John,Utah,40.3552,-112.4530
Milford,Utah,38.3945,-113.0123
Burrville,Utah,38.5708,-111.8635
Torrey,Utah,38.3020,-111.4208
Randlett,Utah,40.2267,-109.8308
Newcastle,Utah,37.6629,-113.5643
Mona,Utah,39.8123,-111.8500
Honeyville,Utah,41.6361,-112.0857
Alta,Utah,40.5817,-111.6227
Veyo,Utah,37.3375,-113.6930
Nephi,Utah,39.7072,-111.8322
Copperton,Utah,40.5581,-112.0932
Goshute,Utah,39.8761,-114.0000
Elmo,Utah,39.3876,-110.8156
Grouse Creek,Utah,41.7094,-113.8833
Mountain Green,Utah,41.1475,-111.7901
Echo,Utah,40.9803,-111.4393
North Logan,Utah,41.7759,-111.8066
South Salt Lake,Utah,40.7056,-111.8987
Perry,Utah,41.4648,-112.0401
Amalga,Utah,41.8565,-111.8974
Bonanza,Utah,40.0304,-109.1883
Standrod,Utah,41.9938,-113.4192
Woodland Hills,Utah,40.0132,-111.6558
Plain City,Utah,41.3069,-112.0878
Holden,Utah,39.1002,-112.2705
Draper,Utah,40.4956,-111.8607
Coalville,Utah,40.9152,-111.3942
Annabella,Utah,38.7060,-112.0585
Syracuse,Utah,41.0871,-112.0698
Fruita,Utah,38.2855,-111.2468
Eden,Utah,41.3023,-111.8085
Adamsville,Utah,38.2583,-112.7938
Moroni,Utah,39.5270,-111.5831
Manderfield,Utah,38.3594,-112.6388
Tremonton,Utah,41.7188,-112.1890
Genola,Utah,40.0117,-111.8464
West Point,Utah,41.1221,-112.0995
Cannonville,Utah,37.5688,-112.0531
Spring Lake,Utah,40.0054,-111.7474
Roy,Utah,41.1716,-112.0479
Farr West,Utah,41.3015,-112.0318
Antimony,Utah,38.1030,-111.9823
Salina,Utah,38.9365,-111.8666
Greenville,Utah,38.2544,-112.7124
Bryce Canyon,Utah,37.6283,-112.1677
Fruit Heights,Utah,41.0277,-111.9081
Orderville,Utah,37.2540,-112.6574
Richfield,Utah,38.7628,-112.0927
Pleasant Grove,Utah,40.3714,-111.7411
Timber Lakes,Utah,40.4733,-111.2533
Ferron,Utah,39.0914,-111.1336
Woods Cross,Utah,40.8731,-111.9170
Mantua,Utah,41.5006,-111.9344
Tabiona,Utah,40.3544,-110.7096
Koosharem,Utah,38.5135,-111.8822
South Willard,Utah,41.3583,-112.0408
West Mountain,Utah,40.0654,-111.7868
Porterville,Utah,40.9813,-111.6783
Bicknell,Utah,38.3407,-111.5441
Lewiston,Utah,41.9615,-111.8796
Lindon,Utah,40.3414,-111.7188
Stockton,Utah,40.4496,-112.3672
Herriman,Utah,40.4890,-112.0153
Murray,Utah,40.6498,-111.8875
Thatcher,Utah,41.6815,-112.3201
Flowell,Utah,38.9791,-112.4286
Carbonville,Utah,39.6272,-110.8337
Lynndyl,Utah,39.5085,-112.3933
Springdale,Utah,37.1816,-113.0048
Deseret,Utah,39.2876,-112.6511
Gunlock,Utah,37.2861,-113.7633
Virgin,Utah,37.2082,-113.2086
Altamont,Utah,40.3586,-110.2886
Granite,Utah,40.5714,-111.7954
Aneth,Utah,37.2050,-109.1623
Garland,Utah,41.7363,-112.1629
South Jordan,Utah,40.5571,-111.9783
Elsinore,Utah,38.6834,-112.1488
Milburn,Utah,39.7041,-111.4249
Hanna,Utah,40.4041,-110.7652
Wellington,Utah,39.5358,-110.7344
Payson,Utah,40.0352,-111.7409
Plymouth,Utah,41.8752,-112.1431
Duchesne,Utah,40.1753,-110.3940
Morgan,Utah,41.0414,-111.6802
Neola,Utah,40.4343,-110.0309
Riverdale,Utah,41.1734,-112.0024
Kanab,Utah,37.0262,-112.5219
Mayfield,Utah,39.1192,-111.7077
Elwood,Utah,41.6759,-112.1376
South Weber,Utah,41.1334,-111.9393
Snowville,Utah,41.9728,-112.7164